{
  "Vafo": 594348.0990401612,
  "Ironi": 403258.3718354087,
  "Tare": 248827.0,
  "Ixyl": 132116.9271980856,
  "Zunyn": 548956.0,
  "Teha": 182479.0,
  "Roguc": 4317.764393631632,
  "Loleko": 94695.0,
  "Guveqoj": 514029.5289391228,
  "Bynig": 286813.0,
  "Xoxyc": 679207.0,
  "Jilys": 454596.0,
  "Oxym": 765218.0,
  "Aroraj": 736396.6512119931,
  "Regybem": 280089.0,
  "Capoj": 443380.0469937343,
  "Tenix": 261759.0,
  "Xysali": 35297.0,
  "Varijov": 34305.0,
  "Nucidit": 161594.0,
  "Jitocuj": 307072.0,
  "Kekyc": 564893.1960291105,
  "Viragal": 258459.0,
  "Ruxu": 80933.0,
  "Uhikot": 35627.70572152852,
  "Urujy": 212623.44360864456,
  "Olufaz": 479152.0,
  "Numeval": 369674.04881011153,
  "Toro": 430465.0,
  "Iqusy": 142833.32714803272,
  "Obeqity": 77034.0,
  "Difuhi": 305069.0,
  "Iwydo": 240838.56767577553,
  "Esane": 170241.5972770042,
  "Otukyd": 321297.3063359928,
  "Emus": 46090.0,
  "Uhoqef": 410533.28803756763,
  "Wici": 664575.5873260429,
  "Hudomec": 355902.29613470857,
  "Viru": 87252.7751973471,
  "Abegaw": 267989.8297306014,
  "Pocyk": 390520.0,
  "Notyc": 329381.1967103453,
  "Melawab": 245702.0,
  "Wumenes": 336222.9282414131,
  "Wipohyw": 45137.59188257634,
  "Zisy": 342687.556294267,
  "Onovysi": 344577.0,
  "Wupim": 426333.3718685167,
  "Zysipu": 102334.0,
  "Lovexuk": 110575.80101653756,
  "Xowutox": 205400.0,
  "Juwusoc": 166646.0,
  "Zepymo": 242865.865280308,
  "Lykusu": 87146.0,
  "Alewy": 280885.0,
  "Nivide": 131567.03094307572,
  "Nezyw": 283554.25057919766,
  "Oroqaxe": 29707.0,
  "Eqyd": 348688.57079780183,
  "Ajida": 247692.0,
  "Zugad": 35460.389852525,
  "Yciduqy": 324763.0,
  "Yxydo": 85033.0,
  "Ymawobi": 119308.0,
  "Iravagi": 197412.41389419851,
  "Acuc": 289208.13355647837,
  "Ygycek": 33397.0,
  "Esot": 16361.600331197875,
  "Ykobe": 117410.0,
  "Qajaci": 762415.0,
  "Xujuqe": 251642.23881604552,
  "Zitatav": 434874.0,
  "Ybejow": 352600.74581123714,
  "Juzo": 135043.0,
  "Hetyf": 391441.7534218134,
  "Jisip": 388096.59337859845,
  "Ilesa": 626538.0,
  "Fodyda": 139231.37095781157,
  "Sokoji": 29335.354849868127,
  "Ijumiby": 298508.1380679086,
  "Ogygi": 403976.0,
  "Uhoc": 134520.0,
  "Inoqife": 73181.0,
  "Owaga": 79038.57813456541,
  "Canoho": 573901.0,
  "Oxemu": 400795.6066236287,
  "Adyqo": 709690.3069226986,
  "Dekecel": 8830.618044926208,
  "Uryridu": 8911.0,
  "Vijiw": 278782.0,
  "Ojire": 33541.0,
  "Ipipo": 687577.0,
  "Ibeb": 347220.5125642809,
  "Pymuj": 580473.0,
  "Yhyzeg": 82999.57819598718,
  "Ujopete": 270350.73290162225,
  "Ikegora": 554884.0,
  "Wopug": 322453.9747049713,
  "Kyqyzox": 643301.0,
  "Regily": 162748.36481765273,
  "Ijalan": 399.0,
  "Ywige": 52715.0,
  "Yhywiby": 264841.0,
  "Zore": 490432.9135160102,
  "Afehyzi": 362548.80013789743,
  "Akumax": 186965.0,
  "Jevaten": 269699.0,
  "Xodoba": 75851.0,
  "Iwabys": 12235.0,
  "Ewaryda": 49622.0,
  "Xewexyr": 298600.6230141342,
  "Umehyk": 38191.0,
  "Onowex": 304734.10022880416,
  "Ikajap": 308753.0,
  "Uzure": 218057.0,
  "Etajy": 389717.73879969167,
  "Jave": 4306.488324776805,
  "Xopuq": 51462.701446946514,
  "Ecive": 381449.8545331139
}